Price,Date,Close
Ticker,,GOOG
0,2019-01-02,52.045989990234375
1,2019-01-03,50.563507080078125
2,2019-01-04,53.28312683105469
3,2019-01-07,53.16767120361328
4,2019-01-08,53.56031036376953
5,2019-01-09,53.47969436645508
6,2019-01-10,53.26421356201172
7,2019-01-11,52.610313415527344
8,2019-01-14,51.98826217651367
9,2019-01-15,53.60360336303711
10,2019-01-16,53.7937126159668
11,2019-01-17,54.23810577392578
12,2019-01-18,54.65413284301758
13,2019-01-22,53.27367401123047
14,2019-01-23,53.52498245239258
15,2019-01-24,53.441871643066406
16,2019-01-25,54.2923469543457
17,2019-01-28,53.25177764892578
18,2019-01-29,52.781002044677734
19,2019-01-30,54.19629669189453
20,2019-01-31,55.55537033081055
21,2019-02-01,55.27568435668945
22,2019-02-04,56.372989654541016
23,2019-02-05,57.02937698364258
24,2019-02-06,55.49863815307617
25,2019-02-07,54.67652893066406
26,2019-02-08,54.4948844909668
27,2019-02-11,54.492401123046875
28,2019-02-12,55.80418395996094
29,2019-02-13,55.74396896362305
30,2019-02-14,55.819114685058594
31,2019-02-15,55.42000198364258
32,2019-02-19,55.66434860229492
33,2019-02-20,55.42747116088867
34,2019-02-21,54.58993911743164
35,2019-02-22,55.25678253173828
36,2019-02-25,55.2085075378418
37,2019-02-26,55.493656158447266
38,2019-02-27,55.5394401550293
39,2019-02-28,55.732025146484375
40,2019-03-01,56.78055953979492
41,2019-03-04,57.11945343017578
42,2019-03-05,57.82760238647461
43,2019-03-06,57.620086669921875
44,2019-03-07,56.89551544189453
45,2019-03-08,56.84674835205078
46,2019-03-11,58.5108642578125
47,2019-03-12,59.37875747680664
48,2019-03-13,59.384727478027344
49,2019-03-14,58.99805450439453
50,2019-03-15,58.94381332397461
51,2019-03-18,58.93386459350586
52,2019-03-19,59.6599235534668
53,2019-03-20,60.90999984741211
54,2019-03-21,61.28671646118164
55,2019-03-22,59.99085998535156
56,2019-03-25,59.368804931640625
57,2019-03-26,58.951778411865234
58,2019-03-27,58.37451171875
59,2019-03-28,58.14907455444336
60,2019-03-29,58.388938903808594
61,2019-04-01,59.439964294433594
62,2019-04-02,59.74153518676758
63,2019-04-03,60.01176071166992
64,2019-04-04,60.46361541748047
65,2019-04-05,60.072959899902344
66,2019-04-08,59.90824890136719
67,2019-04-09,59.58030319213867
68,2019-04-10,59.82464599609375
69,2019-04-11,59.94706344604492
70,2019-04-12,60.6064453125
71,2019-04-15,60.76717758178711
72,2019-04-16,61.067256927490234
73,2019-04-17,61.52558517456055
74,2019-04-18,61.52708053588867
75,2019-04-22,62.147640228271484
76,2019-04-23,62.92943572998047
77,2019-04-24,62.50395202636719
78,2019-04-25,62.874698638916016
79,2019-04-26,63.30914306640625
80,2019-04-29,64.07550811767578
81,2019-04-30,59.14386749267578
82,2019-05-01,58.12867736816406
83,2019-05-02,57.856468200683594
84,2019-05-03,58.99059295654297
85,2019-05-06,59.189151763916016
86,2019-05-07,58.428260803222656
87,2019-05-08,58.03860092163086
88,2019-05-09,57.84502029418945
89,2019-05-10,57.9390754699707
90,2019-05-13,56.33467483520508
91,2019-05-14,55.757904052734375
92,2019-05-15,57.93608856201172
93,2019-05-16,58.67110824584961
94,2019-05-17,57.84103775024414
95,2019-05-20,56.674068450927734
96,2019-05-21,57.21052169799805
97,2019-05-22,57.29960250854492
98,2019-05-23,56.769615173339844
99,2019-05-24,56.406333923339844
100,2019-05-28,56.4401741027832
101,2019-05-29,55.559844970703125
102,2019-05-30,55.63398742675781
103,2019-05-31,54.921363830566406
104,2019-06-03,51.56725311279297
105,2019-06-04,52.404293060302734
106,2019-06-05,51.86534118652344
107,2019-06-06,51.97084045410156
108,2019-06-07,53.05072784423828
109,2019-06-10,53.76435089111328
110,2019-06-11,53.68173599243164
111,2019-06-12,53.59763717651367
112,2019-06-13,54.18186950683594
113,2019-06-14,54.011680603027344
114,2019-06-17,54.367488861083984
115,2019-06-18,54.91987609863281
116,2019-06-19,54.85667419433594
117,2019-06-20,55.30902862548828
118,2019-06-21,55.829566955566406
119,2019-06-24,55.5130615234375
120,2019-06-25,54.06144332885742
121,2019-06-26,53.7354850769043
122,2019-06-27,53.546875
123,2019-06-28,53.79072952270508
124,2019-07-01,54.638702392578125
125,2019-07-02,55.300575256347656
126,2019-07-03,55.81463623046875
127,2019-07-05,56.312774658203125
128,2019-07-08,55.55437088012695
129,2019-07-09,55.976375579833984
130,2019-07-10,56.75517654418945
131,2019-07-11,56.94080352783203
132,2019-07-12,56.97514343261719
133,2019-07-15,57.24585723876953
134,2019-07-16,57.4070930480957
135,2019-07-17,57.047298431396484
136,2019-07-18,57.04629898071289
137,2019-07-19,56.23863220214844
138,2019-07-22,56.635250091552734
139,2019-07-23,57.04032897949219
140,2019-07-24,56.622310638427734
141,2019-07-25,56.33915328979492
142,2019-07-26,62.225772857666016
143,2019-07-29,61.67836380004883
144,2019-07-30,60.968223571777344
145,2019-07-31,60.547218322753906
146,2019-08-01,60.165531158447266
147,2019-08-02,59.418067932128906
148,2019-08-05,57.344390869140625
149,2019-08-06,58.22173309326172
150,2019-08-07,58.42278289794922
151,2019-08-08,59.95602035522461
152,2019-08-09,59.120479583740234
153,2019-08-12,58.458614349365234
154,2019-08-13,59.581295013427734
155,2019-08-14,57.94007110595703
156,2019-08-15,58.087867736816406
157,2019-08-16,58.60243225097656
158,2019-08-19,59.640018463134766
159,2019-08-20,58.85573196411133
160,2019-08-21,59.281715393066406
161,2019-08-22,59.19612121582031
162,2019-08-23,57.29313278198242
163,2019-08-26,58.16898727416992
164,2019-08-27,58.11673355102539
165,2019-08-28,58.27497863769531
166,2019-08-29,59.3613395690918
167,2019-08-30,59.12495803833008
168,2019-09-03,58.144100189208984
169,2019-09-04,58.79203414916992
170,2019-09-05,60.283470153808594
171,2019-09-06,59.962486267089844
172,2019-09-09,59.936614990234375
173,2019-09-10,60.0157356262207
174,2019-09-11,60.72089767456055
175,2019-09-12,61.42158126831055
176,2019-09-13,61.685829162597656
177,2019-09-16,61.274776458740234
178,2019-09-17,61.167781829833984
179,2019-09-18,61.33000946044922
180,2019-09-19,61.643524169921875
181,2019-09-20,61.20659637451172
182,2019-09-23,61.4106330871582
183,2019-09-24,60.65073013305664
184,2019-09-25,62.032188415527344
185,2019-09-26,61.77689743041992
186,2019-09-27,60.96574020385742
187,2019-09-30,60.66267395019531
188,2019-10-01,59.97095489501953
189,2019-10-02,58.554161071777344
190,2019-10-03,59.11151885986328
191,2019-10-04,60.16503143310547
192,2019-10-07,60.09933853149414
193,2019-10-08,59.17621612548828
194,2019-10-09,59.83210754394531
195,2019-10-10,60.14860916137695
196,2019-10-11,60.48600769042969
197,2019-10-14,60.570106506347656
198,2019-10-15,61.857513427734375
199,2019-10-16,61.88886642456055
200,2019-10-17,62.3581428527832
201,2019-10-18,61.980934143066406
202,2019-10-21,62.013771057128906
203,2019-10-22,61.84706497192383
204,2019-10-23,62.65971755981445
205,2019-10-24,62.75227737426758
206,2019-10-25,62.95830154418945
207,2019-10-28,64.19593811035156
208,2019-10-29,62.83338928222656
209,2019-10-30,62.76720428466797
210,2019-10-31,62.7084846496582
211,2019-11-01,63.38677215576172
212,2019-11-04,64.26411437988281
213,2019-11-05,64.29695892333984
214,2019-11-06,64.28551483154297
215,2019-11-07,65.1344985961914
216,2019-11-08,65.2593994140625
217,2019-11-11,64.65328216552734
218,2019-11-12,64.63387298583984
219,2019-11-13,64.59405517578125
220,2019-11-14,65.26387786865234
221,2019-11-15,66.42886352539062
222,2019-11-18,65.72370147705078
223,2019-11-19,65.46293640136719
224,2019-11-20,64.8453598022461
225,2019-11-21,64.7607650756836
226,2019-11-22,64.46167755126953
227,2019-11-25,65.0265121459961
228,2019-11-26,65.36788940429688
229,2019-11-27,65.34001922607422
230,2019-11-29,64.94041442871094
231,2019-12-02,64.19197082519531
232,2019-12-03,64.45869445800781
233,2019-12-04,65.71574401855469
234,2019-12-05,66.09345245361328
235,2019-12-06,66.71500396728516
236,2019-12-09,66.86131286621094
237,2019-12-10,66.91606140136719
238,2019-12-11,66.93396759033203
239,2019-12-12,67.19522857666016
240,2019-12-13,67.07380676269531
241,2019-12-16,67.73766326904297
242,2019-12-17,67.43658447265625
243,2019-12-18,67.31217956542969
244,2019-12-19,67.48236846923828
245,2019-12-20,67.16138458251953
246,2019-12-23,67.12407684326172
247,2019-12-24,66.86131286621094
248,2019-12-26,67.6993408203125
249,2019-12-27,67.27584838867188
250,2019-12-30,66.49205780029297
251,2019-12-31,66.53585815429688
252,2020-01-02,68.04620361328125
253,2020-01-03,67.7122802734375
254,2020-01-06,69.38188171386719
255,2020-01-07,69.33857727050781
256,2020-01-08,69.88500213623047
257,2020-01-09,70.65682983398438
258,2020-01-10,71.14950561523438
259,2020-01-13,71.62226867675781
260,2020-01-14,71.20673370361328
261,2020-01-15,71.62076568603516
262,2020-01-16,72.24282836914062
263,2020-01-17,73.67056274414062
264,2020-01-21,73.8701171875
265,2020-01-22,73.94725799560547
266,2020-01-23,73.98208618164062
267,2020-01-24,72.98978424072266
268,2020-01-27,71.35701751708984
269,2020-01-28,72.28561401367188
270,2020-01-29,72.58769226074219
271,2020-01-30,72.4488525390625
272,2020-01-31,71.37344360351562
273,2020-02-03,73.9467544555664
274,2020-02-04,72.01242065429688
275,2020-02-05,72.07014465332031
276,2020-02-06,73.46353912353516
277,2020-02-07,73.61284637451172
278,2020-02-10,75.0783920288086
279,2020-02-11,75.08386993408203
280,2020-02-12,75.55563354492188
281,2020-02-13,75.37599182128906
282,2020-02-14,75.67855834960938
283,2020-02-18,75.62529754638672
284,2020-02-19,75.97465515136719
285,2020-02-20,75.54966735839844
286,2020-02-21,73.90544891357422
287,2020-02-24,70.74441528320312
288,2020-02-25,69.0952377319336
289,2020-02-26,69.33061981201172
290,2020-02-27,65.59381866455078
291,2020-02-28,66.65081024169922
292,2020-03-02,69.12808227539062
293,2020-03-03,66.75332641601562
294,2020-03-04,68.99918365478516
295,2020-03-05,65.64109802246094
296,2020-03-06,64.61445617675781
297,2020-03-09,60.49148178100586
298,2020-03-10,63.71770095825195
299,2020-03-11,60.4840202331543
300,2020-03-12,55.482704162597656
301,2020-03-13,60.69900131225586
302,2020-03-16,53.96091842651367
303,2020-03-17,55.72605514526367
304,2020-03-18,54.58147430419922
305,2020-03-19,55.50162124633789
306,2020-03-20,53.363250732421875
307,2020-03-23,52.58195114135742
308,2020-03-24,56.45560073852539
309,2020-03-25,54.8646354675293
310,2020-03-26,57.81367111206055
311,2020-03-27,55.27370071411133
312,2020-03-30,57.07068634033203
313,2020-03-31,57.866416931152344
314,2020-04-01,55.0203971862793
315,2020-04-02,55.77781295776367
316,2020-04-03,54.635223388671875
317,2020-04-06,59.06623840332031
318,2020-04-07,59.045833587646484
319,2020-04-08,60.228729248046875
320,2020-04-09,60.28695297241211
321,2020-04-13,60.59101104736328
322,2020-04-14,63.16233825683594
323,2020-04-15,62.825927734375
324,2020-04-16,62.87569046020508
325,2020-04-17,63.860023498535156
326,2020-04-20,63.03195571899414
327,2020-04-21,60.53030014038086
328,2020-04-22,62.86275100708008
329,2020-04-23,63.51466751098633
330,2020-04-24,63.66395568847656
331,2020-04-27,63.493263244628906
332,2020-04-28,61.3927116394043
333,2020-04-29,66.75780487060547
334,2020-04-30,67.11510467529297
335,2020-05-01,65.71923065185547
336,2020-05-04,66.02726745605469
337,2020-05-05,67.23703002929688
338,2020-05-06,67.04742431640625
339,2020-05-07,68.30448150634766
340,2020-05-08,69.09124755859375
341,2020-05-11,69.83224487304688
342,2020-05-12,68.46273040771484
343,2020-05-13,67.14845275878906
344,2020-05-14,67.48686218261719
345,2020-05-15,68.33582305908203
346,2020-05-18,68.87078857421875
347,2020-05-19,68.35050964355469
348,2020-05-20,70.00442504882812
349,2020-05-21,69.8093490600586
350,2020-05-22,70.18855285644531
351,2020-05-26,70.5169906616211
352,2020-05-27,70.55780029296875
353,2020-05-28,70.5025634765625
354,2020-05-29,71.10919189453125
355,2020-06-01,71.2535171508789
356,2020-06-02,71.62176513671875
357,2020-06-03,71.48043823242188
358,2020-06-04,70.27613830566406
359,2020-06-05,71.58045959472656
360,2020-06-08,71.9895248413086
361,2020-06-09,72.46477508544922
362,2020-06-10,72.94699096679688
363,2020-06-11,69.8611068725586
364,2020-06-12,70.32591247558594
365,2020-06-15,70.65782928466797
366,2020-06-16,71.79594421386719
367,2020-06-17,72.2139663696289
368,2020-06-18,71.45952606201172
369,2020-06-19,71.24853515625
370,2020-06-22,72.25078582763672
371,2020-06-23,72.87532043457031
372,2020-06-24,71.260986328125
373,2020-06-25,71.72676849365234
374,2020-06-26,67.67446899414062
375,2020-06-29,69.41968536376953
376,2020-06-30,70.34729766845703
377,2020-07-01,71.56304168701172
378,2020-07-02,72.88976287841797
379,2020-07-06,74.43246459960938
380,2020-07-07,73.908935546875
381,2020-07-08,74.4473876953125
382,2020-07-09,75.19335174560547
383,2020-07-10,76.72359466552734
384,2020-07-13,75.21076965332031
385,2020-07-14,75.67059326171875
386,2020-07-15,75.3252182006836
387,2020-07-16,75.54219818115234
388,2020-07-17,75.42027282714844
389,2020-07-20,77.91695404052734
390,2020-07-21,77.55366516113281
391,2020-07-22,78.05479431152344
392,2020-07-23,75.4267349243164
393,2020-07-24,75.23713684082031
394,2020-07-27,76.14932250976562
395,2020-07-28,74.66336059570312
396,2020-07-29,75.74224853515625
397,2020-07-30,76.21153259277344
398,2020-07-31,73.79845428466797
399,2020-08-03,73.37496185302734
400,2020-08-04,72.90319061279297
401,2020-08-05,73.33316040039062
402,2020-08-06,74.65141296386719
403,2020-08-07,74.37224578857422
404,2020-08-10,74.45236206054688
405,2020-08-11,73.66708374023438
406,2020-08-12,74.97588348388672
407,2020-08-13,75.5645980834961
408,2020-08-14,75.03111267089844
409,2020-08-17,75.54120635986328
410,2020-08-18,77.56262969970703
411,2020-08-19,77.01173400878906
412,2020-08-20,78.71466827392578
413,2020-08-21,78.64849090576172
414,2020-08-24,79.03565216064453
415,2020-08-25,80.03192901611328
416,2020-08-26,82.22952270507812
417,2020-08-27,81.33126831054688
418,2020-08-28,81.8328857421875
419,2020-08-31,81.32381439208984
420,2020-09-01,82.64405822753906
421,2020-09-02,86.00663757324219
422,2020-09-03,81.70501708984375
423,2020-09-04,79.1769790649414
424,2020-09-08,76.25830841064453
425,2020-09-09,77.48101806640625
426,2020-09-10,76.23989868164062
427,2020-09-11,75.67756652832031
428,2020-09-14,75.60588073730469
429,2020-09-15,76.70867156982422
430,2020-09-16,75.6865005493164
431,2020-09-17,74.42398834228516
432,2020-09-18,72.65536499023438
433,2020-09-21,71.22067260742188
434,2020-09-22,72.92758178710938
435,2020-09-23,70.42693328857422
436,2020-09-24,71.07783508300781
437,2020-09-25,71.90741729736328
438,2020-09-28,72.88079833984375
439,2020-09-29,73.12016296386719
440,2020-09-30,73.13359832763672
441,2020-10-01,74.15327453613281
442,2020-10-02,72.5772476196289
443,2020-10-05,73.95073699951172
444,2020-10-06,72.32942199707031
445,2020-10-07,72.6703109741211
446,2020-10-08,73.94625854492188
447,2020-10-09,75.40384674072266
448,2020-10-12,78.08763885498047
449,2020-10-13,78.21354675292969
450,2020-10-14,78.03439331054688
451,2020-10-15,77.58900451660156
452,2020-10-16,78.27973175048828
453,2020-10-19,76.3687744140625
454,2020-10-20,77.42975616455078
455,2020-10-21,79.28994750976562
456,2020-10-22,80.3857650756836
457,2020-10-23,81.66321563720703
458,2020-10-26,79.14761352539062
459,2020-10-27,79.8348617553711
460,2020-10-28,75.47351837158203
461,2020-10-29,77.99259185791016
462,2020-10-30,80.66841888427734
463,2020-11-02,80.91822814941406
464,2020-11-03,82.12152862548828
465,2020-11-04,87.0442123413086
466,2020-11-05,87.75285339355469
467,2020-11-06,87.6722412109375
468,2020-11-09,87.73445129394531
469,2020-11-10,86.6092758178711
470,2020-11-11,87.22237396240234
471,2020-11-12,87.07954406738281
472,2020-11-13,88.43214416503906
473,2020-11-16,88.64911651611328
474,2020-11-17,88.09026336669922
475,2020-11-18,86.9272689819336
476,2020-11-19,87.78022766113281
477,2020-11-20,86.6988525390625
478,2020-11-23,86.33407592773438
479,2020-11-24,88.02706146240234
480,2020-11-25,88.15396881103516
481,2020-11-27,89.2368392944336
482,2020-11-30,87.62198638916016
483,2020-12-01,89.48117065429688
484,2020-12-02,90.96663665771484
485,2020-12-03,90.90791320800781
486,2020-12-04,90.9686279296875
487,2020-12-07,90.54513549804688
488,2020-12-08,90.49884796142578
489,2020-12-09,88.78597259521484
490,2020-12-10,88.3480453491211
491,2020-12-11,88.66852569580078
492,2020-12-14,87.58814239501953
493,2020-12-15,87.97183227539062
494,2020-12-16,87.73445129394531
495,2020-12-17,86.9830093383789
496,2020-12-18,86.14248657226562
497,2020-12-21,86.55851745605469
498,2020-12-22,85.76876068115234
499,2020-12-23,86.21066284179688
500,2020-12-24,86.53264617919922
501,2020-12-28,88.3858642578125
502,2020-12-29,87.5214614868164
503,2020-12-30,86.56598663330078
504,2020-12-31,87.18106842041016
505,2021-01-04,86.00464630126953
506,2021-01-05,86.63565063476562
507,2021-01-06,86.35548400878906
508,2021-01-07,88.94123840332031
509,2021-01-08,89.93453216552734
510,2021-01-11,87.91957092285156
511,2021-01-12,86.91582489013672
512,2021-01-13,87.30648040771484
513,2021-01-14,86.59883117675781
514,2021-01-15,86.4002685546875
515,2021-01-19,89.12088775634766
516,2021-01-20,93.9002456665039
517,2021-01-21,94.1167221069336
518,2021-01-22,94.60440063476562
519,2021-01-25,94.52230072021484
520,2021-01-26,95.41009521484375
521,2021-01-27,91.10796356201172
522,2021-01-28,92.71635437011719
523,2021-01-29,91.35430908203125
524,2021-02-01,94.61933898925781
525,2021-02-02,95.92118072509766
526,2021-02-03,103.01557159423828
527,2021-02-04,102.63238525390625
528,2021-02-05,104.40548706054688
529,2021-02-08,104.15219116210938
530,2021-02-09,103.68440246582031
531,2021-02-10,104.27510070800781
532,2021-02-11,104.30049896240234
533,2021-02-12,104.70954895019531
534,2021-02-16,105.59485626220703
535,2021-02-17,105.9138412475586
536,2021-02-18,105.3609619140625
537,2021-02-19,104.56175231933594
538,2021-02-22,102.7573013305664
539,2021-02-23,103.05488586425781
540,2021-02-24,104.26465606689453
541,2021-02-25,101.08919525146484
542,2021-02-26,101.3628921508789
543,2021-03-01,103.58486938476562
544,2021-03-02,103.3027114868164
545,2021-03-03,100.85779571533203
546,2021-03-04,101.97151184082031
547,2021-03-05,104.93001556396484
548,2021-03-08,100.73139190673828
549,2021-03-09,102.15116119384766
550,2021-03-10,102.26712036132812
551,2021-03-11,105.24003601074219
552,2021-03-12,102.60999298095703
553,2021-03-15,102.83741760253906
554,2021-03-16,104.13278198242188
555,2021-03-17,104.06111907958984
556,2021-03-18,101.33104705810547
557,2021-03-19,101.67840576171875
558,2021-03-22,101.44898986816406
559,2021-03-23,102.16410827636719
560,2021-03-24,101.77096557617188
561,2021-03-25,101.73613739013672
562,2021-03-26,101.29769897460938
563,2021-03-29,102.31289672851562
564,2021-03-30,102.29248809814453
565,2021-03-31,102.94390869140625
566,2021-04-01,106.38361358642578
567,2021-04-05,110.75291442871094
568,2021-04-06,110.7131118774414
569,2021-04-07,111.95374298095703
570,2021-04-08,112.73802947998047
571,2021-04-09,113.75521087646484
572,2021-04-12,112.20803833007812
573,2021-04-13,112.82908630371094
574,2021-04-14,112.21051025390625
575,2021-04-15,114.29166412353516
576,2021-04-16,114.34639739990234
577,2021-04-19,114.57730865478516
578,2021-04-20,114.14087677001953
579,2021-04-21,114.12396240234375
580,2021-04-22,112.86144256591797
581,2021-04-23,115.21926879882812
582,2021-04-26,115.78856658935547
583,2021-04-27,114.81220245361328
584,2021-04-28,118.43453979492188
585,2021-04-29,120.92176055908203
586,2021-04-30,119.93790435791016
587,2021-05-03,119.1939468383789
588,2021-05-04,117.15760040283203
589,2021-05-05,117.281494140625
590,2021-05-06,118.50619506835938
591,2021-05-07,119.3691177368164
592,2021-05-10,116.53105163574219
593,2021-05-11,114.89381408691406
594,2021-05-12,111.42623138427734
595,2021-05-13,112.56534576416016
596,2021-05-14,115.26206970214844
597,2021-05-17,115.5233383178711
598,2021-05-18,114.62857055664062
599,2021-05-19,114.89132690429688
600,2021-05-20,117.24915313720703
601,2021-05-21,116.70223999023438
602,2021-05-24,119.7662353515625
603,2021-05-25,119.88565826416016
604,2021-05-26,121.1029052734375
605,2021-05-27,119.55921936035156
606,2021-05-28,120.00959014892578
607,2021-06-01,120.91778564453125
608,2021-06-02,120.49329376220703
609,2021-06-03,119.66371154785156
610,2021-06-04,122.01010131835938
611,2021-06-07,122.72322845458984
612,2021-06-08,123.55728149414062
613,2021-06-09,123.9827651977539
614,2021-06-10,125.48564147949219
615,2021-06-11,125.10395050048828
616,2021-06-14,125.75636291503906
617,2021-06-15,125.43885803222656
618,2021-06-16,125.10395050048828
619,2021-06-17,125.77527618408203
620,2021-06-18,124.97554779052734
621,2021-06-21,125.85887145996094
622,2021-06-22,126.40079498291016
623,2021-06-23,125.86534118652344
624,2021-06-24,126.68196868896484
625,2021-06-25,126.39633178710938
626,2021-06-28,126.2216567993164
627,2021-06-29,125.42442321777344
628,2021-06-30,124.7252426147461
629,2021-07-01,125.77278137207031
630,2021-07-02,128.11219787597656
631,2021-07-06,129.15924072265625
632,2021-07-07,129.46429443359375
633,2021-07-08,128.56805419921875
634,2021-07-09,128.96365356445312
635,2021-07-12,129.94850158691406
636,2021-07-13,130.37698364257812
637,2021-07-14,131.4598388671875
638,2021-07-15,130.64768981933594
639,2021-07-16,131.22398376464844
640,2021-07-19,128.64466857910156
641,2021-07-20,130.48348999023438
642,2021-07-21,131.9754180908203
643,2021-07-22,132.69998168945312
644,2021-07-23,137.1663055419922
645,2021-07-26,138.98619079589844
646,2021-07-27,136.151611328125
647,2021-07-28,135.73858642578125
648,2021-07-29,135.89682006835938
649,2021-07-30,134.58355712890625
650,2021-08-02,135.3484344482422
651,2021-08-03,135.63755798339844
652,2021-08-04,135.3872528076172
653,2021-08-05,136.29446411132812
654,2021-08-06,136.38998413085938
655,2021-08-09,137.3514404296875
656,2021-08-10,137.44549560546875
657,2021-08-11,137.0404052734375
658,2021-08-12,137.7371063232422
659,2021-08-13,137.7535400390625
660,2021-08-16,138.26113891601562
661,2021-08-17,136.65325927734375
662,2021-08-18,135.92620849609375
663,2021-08-19,136.26806640625
664,2021-08-20,137.78439331054688
665,2021-08-23,140.43434143066406
666,2021-08-24,141.72720336914062
667,2021-08-25,142.27610778808594
668,2021-08-26,141.45301818847656
669,2021-08-27,143.86907958984375
670,2021-08-30,144.78372192382812
671,2021-08-31,144.7762908935547
672,2021-09-01,145.1544952392578
673,2021-09-02,143.5391387939453
674,2021-09-03,144.09251403808594
675,2021-09-07,144.83302307128906
676,2021-09-08,144.20050048828125
677,2021-09-09,144.23036193847656
678,2021-09-10,141.25198364257812
679,2021-09-13,142.7886962890625
680,2021-09-14,142.72998046875
681,2021-09-15,144.521484375
682,2021-09-16,143.69290161132812
683,2021-09-17,140.796630859375
684,2021-09-20,138.36166381835938
685,2021-09-21,138.98818969726562
686,2021-09-22,140.27410888671875
687,2021-09-23,141.15792846679688
688,2021-09-24,141.96060180664062
689,2021-09-27,140.83395385742188
690,2021-09-28,135.54200744628906
691,2021-09-29,133.88685607910156
692,2021-09-30,132.6372528076172
693,2021-10-01,135.81919860839844
694,2021-10-04,133.1343994140625
695,2021-10-05,135.53506469726562
696,2021-10-06,136.7064971923828
697,2021-10-07,138.5293426513672
698,2021-10-08,139.395751953125
699,2021-10-11,138.1929473876953
700,2021-10-12,136.06851196289062
701,2021-10-13,137.24990844726562
702,2021-10-14,140.74537658691406
703,2021-10-15,141.0071258544922
704,2021-10-18,142.28656005859375
705,2021-10-19,143.14401245117188
706,2021-10-20,141.74362182617188
707,2021-10-21,142.107421875
708,2021-10-22,137.9715118408203
709,2021-10-25,138.11880493164062
710,2021-10-26,139.0135498046875
711,2021-10-27,145.73721313476562
712,2021-10-28,145.44012451171875
713,2021-10-29,147.571533203125
714,2021-11-01,143.0962371826172
715,2021-11-02,145.17538452148438
716,2021-11-03,146.09800720214844
717,2021-11-04,147.98208618164062
718,2021-11-05,148.53746032714844
719,2021-11-08,148.64743041992188
720,2021-11-09,148.544921875
721,2021-11-10,145.93478393554688
722,2021-11-11,146.05621337890625
723,2021-11-12,148.94003295898438
724,2021-11-15,148.6837615966797
725,2021-11-16,148.37322998046875
726,2021-11-17,148.3592987060547
727,2021-11-18,149.99853515625
728,2021-11-19,149.24562072753906
729,2021-11-22,146.38516235351562
730,2021-11-23,146.065185546875
731,2021-11-24,146.0258331298828
732,2021-11-26,142.13278198242188
733,2021-11-29,145.42518615722656
734,2021-11-30,141.78045654296875
735,2021-12-01,140.95037841796875
736,2021-12-02,143.09873962402344
737,2021-12-03,141.8486328125
738,2021-12-06,143.11862182617188
739,2021-12-07,147.338623046875
740,2021-12-08,148.01942443847656
741,2021-12-09,147.40780639648438
742,2021-12-10,147.97413635253906
743,2021-12-13,146.0128936767578
744,2021-12-14,144.28709411621094
745,2021-12-15,146.6737823486328
746,2021-12-16,144.15570068359375
747,2021-12-17,142.1298065185547
748,2021-12-20,141.73019409179688
749,2021-12-21,143.54063415527344
750,2021-12-22,146.25625610351562
751,2021-12-23,146.44886779785156
752,2021-12-27,147.36598205566406
753,2021-12-28,145.7576446533203
754,2021-12-29,145.81385803222656
755,2021-12-30,145.31423950195312
756,2021-12-31,143.99746704101562
757,2022-01-03,144.39060974121094
758,2022-01-04,143.73570251464844
759,2022-01-05,137.0045928955078
760,2022-01-06,136.90255737304688
761,2022-01-07,136.358642578125
762,2022-01-10,137.92076110839844
763,2022-01-11,139.35743713378906
764,2022-01-12,140.98023986816406
765,2022-01-13,138.47511291503906
766,2022-01-14,139.12754821777344
767,2022-01-18,135.64801025390625
768,2022-01-19,135.0125274658203
769,2022-01-20,132.87713623046875
770,2022-01-21,129.47872924804688
771,2022-01-24,129.75741577148438
772,2022-01-25,126.13804626464844
773,2022-01-26,128.6307373046875
774,2022-01-27,128.51229858398438
775,2022-01-28,132.66116333007812
776,2022-01-31,135.0587921142578
777,2022-02-01,137.228515625
778,2022-02-02,147.338623046875
779,2022-02-03,141.97802734375
780,2022-02-04,142.34181213378906
781,2022-02-07,138.28305053710938
782,2022-02-08,138.5567169189453
783,2022-02-09,140.78619384765625
784,2022-02-10,137.94911193847656
785,2022-02-11,133.49769592285156
786,2022-02-14,134.6621856689453
787,2022-02-15,135.78237915039062
788,2022-02-16,136.83937072753906
789,2022-02-17,131.68478393554688
790,2022-02-18,129.85244750976562
791,2022-02-22,128.79246520996094
792,2022-02-23,126.98355102539062
793,2022-02-24,132.04803466796875
794,2022-02-25,133.88536071777344
795,2022-02-28,134.25509643554688
796,2022-03-01,133.5355224609375
797,2022-03-02,134.1162567138672
798,2022-03-03,133.67486572265625
799,2022-03-04,131.49916076660156
800,2022-03-07,125.86833190917969
801,2022-03-08,126.67849731445312
802,2022-03-09,133.2349395751953
803,2022-03-10,132.05653381347656
804,2022-03-11,129.86041259765625
805,2022-03-14,126.14352416992188
806,2022-03-15,129.0492706298828
807,2022-03-16,133.06028747558594
808,2022-03-17,133.96597290039062
809,2022-03-18,136.15660095214844
810,2022-03-21,135.8351287841797
811,2022-03-22,139.6162109375
812,2022-03-23,137.85057067871094
813,2022-03-24,140.6458282470703
814,2022-03-25,140.85433959960938
815,2022-03-28,141.2808380126953
816,2022-03-29,142.57470703125
817,2022-03-30,141.9720458984375
818,2022-03-31,138.99118041992188
819,2022-04-01,140.03672790527344
820,2022-04-04,142.96534729003906
821,2022-04-05,140.3980255126953
822,2022-04-06,136.52932739257812
823,2022-04-07,135.82168579101562
824,2022-04-08,133.37875366210938
825,2022-04-11,129.1846160888672
826,2022-04-12,127.76933288574219
827,2022-04-13,129.67181396484375
828,2022-04-14,126.65311431884766
829,2022-04-18,127.35778045654297
830,2022-04-19,129.91566467285156
831,2022-04-20,127.64093780517578
832,2022-04-21,124.34852600097656
833,2022-04-22,119.05011749267578
834,2022-04-25,122.66898345947266
835,2022-04-26,118.942626953125
836,2022-04-27,114.47828674316406
837,2022-04-28,118.84857177734375
838,2022-04-29,114.4245376586914
839,2022-05-02,116.60469818115234
840,2022-05-03,117.57262420654297
841,2022-05-04,121.99716186523438
842,2022-05-05,116.19613647460938
843,2022-05-06,115.11476135253906
844,2022-05-09,112.55091094970703
845,2022-05-10,114.04434204101562
846,2022-05-11,113.42376708984375
847,2022-05-12,112.62754821777344
848,2022-05-13,115.96623992919922
849,2022-05-16,114.25135803222656
850,2022-05-17,116.15135192871094
851,2022-05-18,111.87113189697266
852,2022-05-19,110.22342681884766
853,2022-05-20,108.79769134521484
854,2022-05-23,111.14007568359375
855,2022-05-24,105.42665100097656
856,2022-05-25,105.34056091308594
857,2022-05-26,107.78546905517578
858,2022-05-27,112.26725006103516
859,2022-05-31,113.50141143798828
860,2022-06-01,113.59894561767578
861,2022-06-02,117.1909408569336
862,2022-06-03,114.02394104003906
863,2022-06-06,116.45890045166016
864,2022-06-07,116.6768569946289
865,2022-06-08,116.68531799316406
866,2022-06-09,114.37625885009766
867,2022-06-10,110.9022216796875
868,2022-06-13,106.37267303466797
869,2022-06-14,106.68866729736328
870,2022-06-15,109.87010192871094
871,2022-06-16,106.13330078125
872,2022-06-17,107.35700225830078
873,2022-06-21,111.4869384765625
874,2022-06-22,111.50585174560547
875,2022-06-23,112.15328979492188
876,2022-06-24,117.97920227050781
877,2022-06-27,116.07272338867188
878,2022-06-28,112.04083251953125
879,2022-06-29,111.72731018066406
880,2022-06-30,108.85690307617188
881,2022-07-01,108.5667724609375
882,2022-07-05,113.3501205444336
883,2022-07-06,114.67037200927734
884,2022-07-07,118.74357604980469
885,2022-07-08,119.60201263427734
886,2022-07-11,115.97320556640625
887,2022-07-12,114.3080825805664
888,2022-07-13,111.65813446044922
889,2022-07-14,110.91465759277344
890,2022-07-15,112.23540496826172
891,2022-07-18,109.3918685913086
892,2022-07-19,114.07966613769531
893,2022-07-20,114.15928649902344
894,2022-07-21,114.49768829345703
895,2022-07-22,107.84918212890625
896,2022-07-25,107.69988250732422
897,2022-07-26,104.94294738769531
898,2022-07-27,113.06446838378906
899,2022-07-28,114.04981231689453
900,2022-07-29,116.09013366699219
901,2022-08-01,114.93560791015625
902,2022-08-02,115.3536376953125
903,2022-08-03,118.22006225585938
904,2022-08-04,118.30963134765625
905,2022-08-05,117.6626968383789
906,2022-08-08,117.58306884765625
907,2022-08-09,116.94608306884766
908,2022-08-10,120.08123779296875
909,2022-08-11,119.25515747070312
910,2022-08-12,122.07181549072266
911,2022-08-15,122.30072784423828
912,2022-08-16,121.93247985839844
913,2022-08-17,119.75279235839844
914,2022-08-18,120.29025268554688
915,2022-08-19,117.56316375732422
916,2022-08-22,114.52754211425781
917,2022-08-23,114.22895812988281
918,2022-08-24,114.15928649902344
919,2022-08-25,117.14514923095703
920,2022-08-26,110.77532958984375
921,2022-08-29,109.81983947753906
922,2022-08-30,109.3918685913086
923,2022-08-31,108.63545227050781
924,2022-09-01,110.02885437011719
925,2022-09-02,108.16766357421875
926,2022-09-06,106.97332763671875
927,2022-09-07,109.95919036865234
928,2022-09-08,108.90418243408203
929,2022-09-09,111.2530517578125
930,2022-09-12,111.3426284790039
931,2022-09-13,104.81355285644531
932,2022-09-14,105.37091827392578
933,2022-09-15,103.41020202636719
934,2022-09-16,103.14147186279297
935,2022-09-19,103.36042785644531
936,2022-09-20,101.3499526977539
937,2022-09-21,99.53854370117188
938,2022-09-22,100.09590148925781
939,2022-09-23,98.70249938964844
940,2022-09-26,98.34419250488281
941,2022-09-27,97.6275863647461
942,2022-09-28,100.26509857177734
943,2022-09-29,97.6275863647461
944,2022-09-30,95.69673156738281
945,2022-10-03,98.8318862915039
946,2022-10-04,101.9272232055664
947,2022-10-05,101.73812103271484
948,2022-10-06,101.75802612304688
949,2022-10-07,99.10061645507812
950,2022-10-10,98.24466705322266
951,2022-10-11,97.58778381347656
952,2022-10-12,97.83660888671875
953,2022-10-13,99.23995208740234
954,2022-10-14,96.72187805175781
955,2022-10-17,100.3049087524414
956,2022-10-18,100.91202545166016
957,2022-10-19,99.81722259521484
958,2022-10-20,100.05608367919922
959,2022-10-21,101.00161743164062
960,2022-10-24,102.4845962524414
961,2022-10-25,104.43534088134766
962,2022-10-26,94.37300872802734
963,2022-10-27,92.16346740722656
964,2022-10-28,96.12470245361328
965,2022-10-31,94.21376037597656
966,2022-11-01,90.07337188720703
967,2022-11-02,86.6595458984375
968,2022-11-03,83.09642028808594
969,2022-11-04,86.29129028320312
970,2022-11-07,88.23209381103516
971,2022-11-08,88.4908676147461
972,2022-11-09,86.98799133300781
973,2022-11-10,93.72606658935547
974,2022-11-11,96.27400207519531
975,2022-11-14,95.57730102539062
976,2022-11-15,98.25462341308594
977,2022-11-16,98.52334594726562
978,2022-11-17,98.03565216064453
979,2022-11-18,97.3389663696289
980,2022-11-21,95.37824249267578
981,2022-11-22,96.87117767333984
982,2022-11-23,98.3541488647461
983,2022-11-25,97.139892578125
984,2022-11-28,95.7962646484375
985,2022-11-29,94.99008178710938
986,2022-11-30,100.97175598144531
987,2022-12-01,100.80255126953125
988,2022-12-02,100.35467529296875
989,2022-12-05,99.3991928100586
990,2022-12-06,96.85126495361328
991,2022-12-07,94.70144653320312
992,2022-12-08,93.5071029663086
993,2022-12-09,92.63125610351562
994,2022-12-12,93.11893463134766
995,2022-12-13,95.39814758300781
996,2022-12-14,94.8606948852539
997,2022-12-15,90.77007293701172
998,2022-12-16,90.43167114257812
999,2022-12-19,88.729736328125
1000,2022-12-20,89.20747375488281
1001,2022-12-21,89.82454681396484
1002,2022-12-22,87.84394073486328
1003,2022-12-23,89.38662719726562
1004,2022-12-27,87.51548767089844
1005,2022-12-28,86.05241394042969
1006,2022-12-29,88.53067779541016
1007,2022-12-30,88.31172180175781
1008,2023-01-03,89.27714538574219
1009,2023-01-04,88.29180908203125
1010,2023-01-05,86.36094665527344
1011,2023-01-06,87.7444076538086
1012,2023-01-09,88.38139343261719
1013,2023-01-10,88.8193130493164
1014,2023-01-11,91.8250732421875
1015,2023-01-12,91.47672271728516
1016,2023-01-13,92.3625259399414
1017,2023-01-17,91.72554779052734
1018,2023-01-18,91.34733581542969
1019,2023-01-19,93.46729278564453
1020,2023-01-20,98.81198120117188
1021,2023-01-23,100.73287963867188
1022,2023-01-24,98.7423095703125
1023,2023-01-25,96.27400207519531
1024,2023-01-26,98.69254302978516
1025,2023-01-27,100.23523712158203
1026,2023-01-30,97.48825073242188
1027,2023-01-31,99.3991928100586
1028,2023-02-01,100.95184326171875
1029,2023-02-02,108.28710174560547
1030,2023-02-03,104.7239761352539
1031,2023-02-06,102.98223114013672
1032,2023-02-07,107.53067779541016
1033,2023-02-08,99.5285873413086
1034,2023-02-09,95.0099868774414
1035,2023-02-10,94.4128189086914
1036,2023-02-13,94.55215454101562
1037,2023-02-14,94.50239562988281
1038,2023-02-15,96.64225006103516
1039,2023-02-16,95.32848358154297
1040,2023-02-17,94.14408874511719
1041,2023-02-21,91.61607360839844
1042,2023-02-22,91.36724853515625
1043,2023-02-23,90.64068603515625
1044,2023-02-24,88.92878723144531
1045,2023-02-27,89.67525482177734
1046,2023-02-28,89.87432098388672
1047,2023-03-01,90.08332824707031
1048,2023-03-02,91.87483215332031
1049,2023-03-03,93.57677459716797
1050,2023-03-06,95.1294174194336
1051,2023-03-07,93.72606658935547
1052,2023-03-08,94.20381164550781
1053,2023-03-09,92.22319030761719
1054,2023-03-10,90.58097076416016
1055,2023-03-13,91.2279052734375
1056,2023-03-14,93.80570220947266
1057,2023-03-15,96.09485626220703
1058,2023-03-16,100.59354400634766
1059,2023-03-17,101.97698974609375
1060,2023-03-20,101.44947814941406
1061,2023-03-21,105.34104919433594
1062,2023-03-22,103.72869873046875
1063,2023-03-23,105.75907897949219
1064,2023-03-24,105.56001281738281
1065,2023-03-27,102.57415008544922
1066,2023-03-28,100.88217163085938
1067,2023-03-29,101.41963195800781
1068,2023-03-30,100.84236145019531
1069,2023-03-31,103.50973510742188
1070,2023-04-03,104.41544342041016
1071,2023-04-04,104.62445068359375
1072,2023-04-05,104.45525360107422
1073,2023-04-06,108.38662719726562
1074,2023-04-10,106.4458236694336
1075,2023-04-11,105.61973571777344
1076,2023-04-12,104.7239761352539
1077,2023-04-13,107.67998504638672
1078,2023-04-14,108.9439926147461
1079,2023-04-17,105.91832733154297
1080,2023-04-18,104.62445068359375
1081,2023-04-19,104.52491760253906
1082,2023-04-20,105.40077209472656
1083,2023-04-21,105.41072845458984
1084,2023-04-24,106.27661895751953
1085,2023-04-25,104.11685180664062
1086,2023-04-26,103.95761108398438
1087,2023-04-27,107.85912322998047
1088,2023-04-28,107.7098388671875
1089,2023-05-01,107.20223999023438
1090,2023-05-02,105.48039245605469
1091,2023-05-03,105.61973571777344
1092,2023-05-04,104.71402740478516
1093,2023-05-05,105.71427917480469
1094,2023-05-08,107.72974395751953
1095,2023-05-09,107.43115997314453
1096,2023-05-10,111.75070190429688
1097,2023-05-11,116.34892272949219
1098,2023-05-12,117.3641128540039
1099,2023-05-15,116.40863037109375
1100,2023-05-16,119.52387237548828
1101,2023-05-17,120.9073257446289
1102,2023-05-18,122.93770599365234
1103,2023-05-19,122.66898345947266
1104,2023-05-22,125.27662658691406
1105,2023-05-23,122.70880126953125
1106,2023-05-24,121.06656646728516
1107,2023-05-25,123.7637939453125
1108,2023-05-26,124.83871459960938
1109,2023-05-30,124.05242919921875
1110,2023-05-31,122.78842163085938
1111,2023-06-01,123.78369903564453
1112,2023-06-02,124.6396484375
1113,2023-06-05,126.03304290771484
1114,2023-06-06,127.30702209472656
1115,2023-06-07,122.3604507446289
1116,2023-06-08,122.09171295166016
1117,2023-06-09,122.290771484375
1118,2023-06-12,123.7637939453125
1119,2023-06-13,123.84342193603516
1120,2023-06-14,123.79365539550781
1121,2023-06-15,125.19700622558594
1122,2023-06-16,123.47515869140625
1123,2023-06-20,123.26615142822266
1124,2023-06-21,120.68836212158203
1125,2023-06-22,123.28606414794922
1126,2023-06-23,122.4400634765625
1127,2023-06-26,118.5285873413086
1128,2023-06-27,118.448974609375
1129,2023-06-28,120.50920867919922
1130,2023-06-29,119.44425964355469
1131,2023-06-30,120.39973449707031
1132,2023-07-03,119.99165344238281
1133,2023-07-05,122.0519027709961
1134,2023-07-06,120.35991668701172
1135,2023-07-07,119.57363891601562
1136,2023-07-10,116.31906127929688
1137,2023-07-11,117.15509796142578
1138,2023-07-12,119.05609130859375
1139,2023-07-13,124.24153137207031
1140,2023-07-14,125.10743713378906
1141,2023-07-17,124.47045135498047
1142,2023-07-18,123.49506378173828
1143,2023-07-19,122.20120239257812
1144,2023-07-20,118.96652221679688
1145,2023-07-21,119.74284362792969
1146,2023-07-24,121.3054428100586
1147,2023-07-25,122.21115112304688
1148,2023-07-26,129.04876708984375
1149,2023-07-27,129.2577667236328
1150,2023-07-28,132.38294982910156
1151,2023-07-31,132.48251342773438
1152,2023-08-01,131.26824951171875
1153,2023-08-02,128.03358459472656
1154,2023-08-03,128.1629638671875
1155,2023-08-04,127.93402099609375
1156,2023-08-07,131.3180389404297
1157,2023-08-08,131.21849060058594
1158,2023-08-09,129.5364532470703
1159,2023-08-10,129.59619140625
1160,2023-08-11,129.55636596679688
1161,2023-08-14,131.2085418701172
1162,2023-08-15,129.6558837890625
1163,2023-08-16,128.50135803222656
1164,2023-08-17,129.84500122070312
1165,2023-08-18,127.50607299804688
1166,2023-08-21,128.3221893310547
1167,2023-08-22,129.07862854003906
1168,2023-08-23,132.58204650878906
1169,2023-08-24,129.80519104003906
1170,2023-08-25,130.0738983154297
1171,2023-08-28,131.16871643066406
1172,2023-08-29,134.85130310058594
1173,2023-08-30,136.28448486328125
1174,2023-08-31,136.7025146484375
1175,2023-09-01,136.1551055908203
1176,2023-09-05,136.0655517578125
1177,2023-09-06,134.7318572998047
1178,2023-09-07,135.5579376220703
1179,2023-09-08,136.55320739746094
1180,2023-09-11,137.09068298339844
1181,2023-09-12,135.42855834960938
1182,2023-09-13,136.851806640625
1183,2023-09-14,138.3347930908203
1184,2023-09-15,137.64804077148438
1185,2023-09-18,138.304931640625
1186,2023-09-19,138.17555236816406
1187,2023-09-20,133.9555206298828
1188,2023-09-21,130.74075317382812
1189,2023-09-22,130.6312713623047
1190,2023-09-25,131.5469512939453
1191,2023-09-26,128.8397674560547
1192,2023-09-27,130.8402862548828
1193,2023-09-28,132.5023956298828
1194,2023-09-29,131.2284393310547
1195,2023-10-02,134.53280639648438
1196,2023-10-03,132.67161560058594
1197,2023-10-04,135.6276092529297
1198,2023-10-05,135.34893798828125
1199,2023-10-06,138.0760040283203
1200,2023-10-09,138.84237670898438
1201,2023-10-10,138.5437774658203
1202,2023-10-11,141.03199768066406
1203,2023-10-12,139.62864685058594
1204,2023-10-13,137.9267120361328
1205,2023-10-16,139.8277130126953
1206,2023-10-17,140.3253631591797
1207,2023-10-18,138.62339782714844
1208,2023-10-19,138.3248291015625
1209,2023-10-20,136.09539794921875
1210,2023-10-23,137.24990844726562
1211,2023-10-24,139.45945739746094
1212,2023-10-25,126.0728530883789
1213,2023-10-26,122.85808563232422
1214,2023-10-27,122.81827545166016
1215,2023-10-30,125.15719604492188
1216,2023-10-31,124.70932006835938
1217,2023-11-01,126.96862030029297
1218,2023-11-02,127.97384643554688
1219,2023-11-03,129.7554168701172
1220,2023-11-06,130.83033752441406
1221,2023-11-07,131.7758331298828
1222,2023-11-08,132.63180541992188
1223,2023-11-09,131.06919860839844
1224,2023-11-10,133.4280242919922
1225,2023-11-13,133.00999450683594
1226,2023-11-14,134.7915496826172
1227,2023-11-15,135.73709106445312
1228,2023-11-16,138.046142578125
1229,2023-11-17,136.29446411132812
1230,2023-11-20,137.2698211669922
1231,2023-11-21,137.96652221679688
1232,2023-11-22,139.35992431640625
1233,2023-11-24,137.5684051513672
1234,2023-11-27,137.3992156982422
1235,2023-11-28,137.96652221679688
1236,2023-11-29,135.75697326660156
1237,2023-11-30,133.28868103027344
1238,2023-12-01,132.69151306152344
1239,2023-12-04,130.01419067382812
1240,2023-12-05,131.76589965820312
1241,2023-12-06,130.81039428710938
1242,2023-12-07,137.79733276367188
1243,2023-12-08,135.99586486816406
1244,2023-12-11,134.06500244140625
1245,2023-12-12,133.00999450683594
1246,2023-12-13,133.3384552001953
1247,2023-12-14,132.5720672607422
1248,2023-12-15,133.2090606689453
1249,2023-12-18,136.5432586669922
1250,2023-12-19,137.44898986816406
1251,2023-12-20,139.00161743164062
1252,2023-12-21,141.1315460205078
1253,2023-12-22,142.04721069335938
1254,2023-12-26,142.146728515625
1255,2023-12-27,140.77325439453125
1256,2023-12-28,140.61398315429688
1257,2023-12-29,140.26564025878906
1258,2024-01-02,138.902099609375
1259,2024-01-03,139.6983184814453
1260,2024-01-04,137.38925170898438
1261,2024-01-05,136.74232482910156
1262,2024-01-08,139.8675079345703
1263,2024-01-09,141.88795471191406
1264,2024-01-10,143.1221160888672
1265,2024-01-11,142.9927215576172
1266,2024-01-12,143.56004333496094
1267,2024-01-16,143.40078735351562
1268,2024-01-17,142.21640014648438
1269,2024-01-18,144.30650329589844
1270,2024-01-19,147.27243041992188
1271,2024-01-22,147.01370239257812
1272,2024-01-23,147.97909545898438
1273,2024-01-24,149.6412353515625
1274,2024-01-25,152.9157257080078
1275,2024-01-26,153.0650177001953
1276,2024-01-29,154.11007690429688
1277,2024-01-30,152.32850646972656
1278,2024-01-31,141.1315460205078
1279,2024-02-01,142.03726196289062
1280,2024-02-02,142.8633270263672
1281,2024-02-05,144.24676513671875
1282,2024-02-06,144.7245330810547
1283,2024-02-07,145.988525390625
1284,2024-02-08,146.52598571777344
1285,2024-02-09,149.51185607910156
1286,2024-02-12,148.02886962890625
1287,2024-02-13,145.6799774169922
1288,2024-02-14,146.4463653564453
1289,2024-02-15,143.26145935058594
1290,2024-02-16,141.0917205810547
1291,2024-02-20,141.52964782714844
1292,2024-02-21,143.1619110107422
1293,2024-02-22,144.63494873046875
1294,2024-02-23,144.60508728027344
1295,2024-02-26,138.09593200683594
1296,2024-02-27,139.43955993652344
1297,2024-02-28,136.78213500976562
1298,2024-02-29,139.1210479736328
1299,2024-03-01,137.4290771484375
1300,2024-03-04,133.56736755371094
1301,2024-03-05,133.1493377685547
1302,2024-03-06,131.9351043701172
1303,2024-03-07,134.60244750976562
1304,2024-03-08,135.6475067138672
1305,2024-03-11,138.28501892089844
1306,2024-03-12,138.96180725097656
1307,2024-03-13,140.10638427734375
1308,2024-03-14,143.65956115722656
1309,2024-03-15,141.49978637695312
1310,2024-03-18,147.78005981445312
1311,2024-03-19,147.22268676757812
1312,2024-03-20,148.97438049316406
1313,2024-03-21,148.038818359375
1314,2024-03-22,151.05453491210938
1315,2024-03-25,150.43743896484375
1316,2024-03-26,150.98484802246094
1317,2024-03-27,151.22372436523438
1318,2024-03-28,151.542236328125
1319,2024-04-01,155.7622528076172
1320,2024-04-02,155.1352081298828
1321,2024-04-03,155.6328582763672
1322,2024-04-04,151.22372436523438
1323,2024-04-05,153.21432495117188
1324,2024-04-08,155.40394592285156
1325,2024-04-09,157.39451599121094
1326,2024-04-10,156.91676330566406
1327,2024-04-11,160.03201293945312
1328,2024-04-12,158.4395751953125
1329,2024-04-15,155.59304809570312
1330,2024-04-16,155.2646026611328
1331,2024-04-17,156.1404571533203
1332,2024-04-18,156.71771240234375
1333,2024-04-19,154.98593139648438
1334,2024-04-22,157.20541381835938
1335,2024-04-23,159.16610717773438
1336,2024-04-24,160.34056091308594
1337,2024-04-25,157.20541381835938
1338,2024-04-26,172.8712158203125
1339,2024-04-29,167.10848999023438
1340,2024-04-30,163.86387634277344
1341,2024-05-01,164.78948974609375
1342,2024-05-02,167.66586303710938
1343,2024-05-03,168.193359375
1344,2024-05-06,169.02940368652344
1345,2024-05-07,172.16455078125
1346,2024-05-08,170.35311889648438
1347,2024-05-09,170.77114868164062
1348,2024-05-10,169.4872283935547
1349,2024-05-13,170.09434509277344
1350,2024-05-14,171.11949157714844
1351,2024-05-15,173.060302734375
1352,2024-05-16,174.60299682617188
1353,2024-05-17,176.4542236328125
1354,2024-05-20,177.6187286376953
1355,2024-05-21,178.69361877441406
1356,2024-05-22,177.160888671875
1357,2024-05-23,174.2347412109375
1358,2024-05-24,175.49876403808594
1359,2024-05-28,177.1807861328125
1360,2024-05-29,176.56370544433594
1361,2024-05-30,172.7418212890625
1362,2024-05-31,173.13992309570312
1363,2024-06-03,173.59776306152344
1364,2024-06-04,174.3043975830078
1365,2024-06-05,176.2352752685547
1366,2024-06-06,177.5092315673828
1367,2024-06-07,175.12054443359375
1368,2024-06-10,175.99740600585938
1369,2024-06-11,177.5518035888672
1370,2024-06-12,178.91690063476562
1371,2024-06-13,176.10699462890625
1372,2024-06-14,177.7311553955078
1373,2024-06-17,178.13967895507812
1374,2024-06-18,175.8180389404297
1375,2024-06-20,177.0735321044922
1376,2024-06-21,179.6143798828125
1377,2024-06-24,180.14248657226562
1378,2024-06-25,184.91534423828125
1379,2024-06-26,184.70608520507812
1380,2024-06-27,186.19076538085938
1381,2024-06-28,182.76307678222656
1382,2024-07-01,183.82923889160156
1383,2024-07-02,185.94163513183594
1384,2024-07-03,186.71884155273438
1385,2024-07-05,191.27249145507812
1386,2024-07-08,189.79779052734375
1387,2024-07-09,189.7579345703125
1388,2024-07-10,191.96998596191406
1389,2024-07-11,186.62918090820312
1390,2024-07-12,186.11105346679688
1391,2024-07-15,187.5159912109375
1392,2024-07-16,184.8356170654297
1393,2024-07-17,181.96592712402344
1394,2024-07-18,178.578125
1395,2024-07-19,178.74749755859375
1396,2024-07-22,182.69332885742188
1397,2024-07-23,182.9424285888672
1398,2024-07-24,173.7454833984375
1399,2024-07-25,168.5541534423828
1400,2024-07-26,168.07586669921875
1401,2024-07-29,170.51708984375
1402,2024-07-30,171.24447631835938
1403,2024-07-31,172.52984619140625
1404,2024-08-01,171.8323516845703
1405,2024-08-02,167.79685974121094
1406,2024-08-05,160.06466674804688
1407,2024-08-06,159.9650115966797
1408,2024-08-07,160.17425537109375
1409,2024-08-08,163.25318908691406
1410,2024-08-09,164.7976531982422
1411,2024-08-12,163.36280822753906
1412,2024-08-13,165.33570861816406
1413,2024-08-14,161.44967651367188
1414,2024-08-15,162.58560180664062
1415,2024-08-16,164.1499786376953
1416,2024-08-19,167.79685974121094
1417,2024-08-20,168.35487365722656
1418,2024-08-21,167.02963256835938
1419,2024-08-22,164.8972930908203
1420,2024-08-23,166.83033752441406
1421,2024-08-26,167.32855224609375
1422,2024-08-27,165.7841033935547
1423,2024-08-28,163.91082763671875
1424,2024-08-29,162.8147735595703
1425,2024-08-30,164.51866149902344
1426,2024-09-03,158.0419464111328
1427,2024-09-04,157.2447967529297
1428,2024-09-05,158.03196716308594
1429,2024-09-06,151.58514404296875
1430,2024-09-09,149.2005615234375
1431,2024-09-10,149.66949462890625
1432,2024-09-11,151.80462646484375
1433,2024-09-12,155.1869354248047
1434,2024-09-13,158.01051330566406
1435,2024-09-16,158.62911987304688
1436,2024-09-17,159.9161834716797
1437,2024-09-18,160.44497680664062
1438,2024-09-19,162.86947631835938
1439,2024-09-20,164.2662811279297
1440,2024-09-23,162.69985961914062
1441,2024-09-24,163.2685546875
1442,2024-09-25,162.6200408935547
1443,2024-09-26,163.4581298828125
1444,2024-09-27,164.91481018066406
1445,2024-09-30,166.8105010986328
1446,2024-10-01,168.03770446777344
1447,2024-10-02,166.9302215576172
1448,2024-10-03,166.83045959472656
1449,2024-10-04,168.17738342285156
1450,2024-10-07,164.016845703125
1451,2024-10-08,165.32386779785156
1452,2024-10-09,162.6898651123047
1453,2024-10-10,162.80958557128906
1454,2024-10-11,164.1465606689453
1455,2024-10-14,165.972412109375
1456,2024-10-15,166.52114868164062
1457,2024-10-16,166.3615264892578
1458,2024-10-17,164.13656616210938
1459,2024-10-18,164.67535400390625
1460,2024-10-21,165.4236602783203
1461,2024-10-22,166.44134521484375
1462,2024-10-23,164.1066436767578
1463,2024-10-24,164.1565399169922
1464,2024-10-25,166.61094665527344
1465,2024-10-28,167.9578857421875
1466,2024-10-29,170.7515411376953
1467,2024-10-30,175.7401885986328
1468,2024-10-31,172.2980194091797
1469,2024-11-01,172.2581024169922
1470,2024-11-04,170.29257202148438
1471,2024-11-05,171.02093505859375
1472,2024-11-06,177.92520141601562
1473,2024-11-07,181.86624145507812
1474,2024-11-08,179.4517364501953
1475,2024-11-11,181.55694580078125
1476,2024-11-12,182.9038848876953
1477,2024-11-13,180.08030700683594
1478,2024-11-14,176.94744873046875
1479,2024-11-15,173.49530029296875
1480,2024-11-18,176.39869689941406
1481,2024-11-19,179.17237854003906
1482,2024-11-20,176.92747497558594
1483,2024-11-21,168.85585021972656
1484,2024-11-22,166.19192504882812
1485,2024-11-25,169.04539489746094
1486,2024-11-26,170.23269653320312
1487,2024-11-27,170.43226623535156
1488,2024-11-29,170.10301208496094
1489,2024-12-02,172.58734130859375
1490,2024-12-03,172.62725830078125
1491,2024-12-04,175.69029235839844
1492,2024-12-05,173.91432189941406
1493,2024-12-06,176.0894012451172
1494,2024-12-09,176.89846801757812
1495,2024-12-10,186.31773376464844
1496,2024-12-11,196.4861602783203
1497,2024-12-12,193.40965270996094
1498,2024-12-13,191.16221618652344
1499,2024-12-16,197.93450927734375
1500,2024-12-17,196.8956756591797
1501,2024-12-18,189.93360900878906
1502,2024-12-19,189.484130859375
1503,2024-12-20,192.74041748046875
1504,2024-12-23,195.7669677734375
1505,2024-12-24,197.34518432617188
1506,2024-12-26,196.87571716308594
1507,2024-12-27,193.81918334960938
1508,2024-12-30,192.47073364257812
1509,2024-12-31,190.22328186035156
1510,2025-01-02,190.41307067871094
1511,2025-01-03,192.9102325439453
1512,2025-01-06,197.7347412109375
1513,2025-01-07,196.4861602783203
1514,2025-01-08,195.1676483154297
1515,2025-01-10,192.95018005371094
1516,2025-01-13,192.0711669921875
1517,2025-01-14,190.8325958251953
1518,2025-01-15,196.75584411621094
1519,2025-01-16,194.1887664794922
1520,2025-01-17,197.3251953125
1521,2025-01-21,199.40283203125
1522,2025-01-22,199.8023681640625
1523,2025-01-23,199.35289001464844
1524,2025-01-24,201.6702423095703
1525,2025-01-27,193.54949951171875
1526,2025-01-28,196.8457489013672
1527,2025-01-29,196.9556121826172
1528,2025-01-30,202.3994140625
1529,2025-01-31,205.3660430908203
1530,2025-02-03,202.40939331054688
1531,2025-02-04,207.4736328125
1532,2025-02-05,193.0800323486328
1533,2025-02-06,193.0900115966797
1534,2025-02-07,186.92703247070312
1535,2025-02-10,187.98582458496094
1536,2025-02-11,186.8571319580078
1537,2025-02-12,185.21897888183594
1538,2025-02-13,187.66619873046875
1539,2025-02-14,186.6573486328125
1540,2025-02-18,185.58856201171875
1541,2025-02-19,186.91705322265625
1542,2025-02-20,186.4276123046875
1543,2025-02-21,181.3733673095703
1544,2025-02-24,180.9838104248047
1545,2025-02-25,177.16815185546875
1546,2025-02-26,174.50119018554688
1547,2025-02-27,170.0163116455078
1548,2025-02-28,172.02401733398438
1549,2025-03-03,168.46807861328125
1550,2025-03-04,172.41357421875
1551,2025-03-05,174.79087829589844
1552,2025-03-06,174.0117645263672
1553,2025-03-07,175.5500030517578
1554,2025-03-10,167.80999755859375
1555,2025-03-11,165.97999572753906
1556,2025-03-12,169.0
1557,2025-03-13,164.72999572753906
1558,2025-03-14,167.6199951171875
1559,2025-03-17,166.57000732421875
1560,2025-03-18,162.6699981689453
1561,2025-03-19,166.27999877929688
1562,2025-03-20,165.0500030517578
1563,2025-03-21,166.25
1564,2025-03-24,169.92999267578125
1565,2025-03-25,172.7899932861328
1566,2025-03-26,167.13999938964844
1567,2025-03-27,164.0800018310547
1568,2025-03-28,156.05999755859375
1569,2025-03-31,156.22999572753906
1570,2025-04-01,158.8800048828125
1571,2025-04-02,158.86000061035156
1572,2025-04-03,152.6300048828125
1573,2025-04-04,147.74000549316406
1574,2025-04-07,149.24000549316406
1575,2025-04-08,146.5800018310547
1576,2025-04-09,161.05999755859375
1577,2025-04-10,155.3699951171875
1578,2025-04-11,159.39999389648438
1579,2025-04-14,161.47000122070312
1580,2025-04-15,158.67999267578125
1581,2025-04-16,155.5
1582,2025-04-17,153.36000061035156
